Sample ID,% CW,% change from 0% CW,Standard Error,Standard Error (%)
"304, 0% - 1 CW",0,0%,0.013000000000000001,2.9%
"304, 20% - 1 CW",20,50%,0.013999999999999999,2.0%
"304, 40% - 1 CW",40,57%,0.022000000000000002,3.0%
"304, 60% - 1 CW",60,98%,0.01,1.1%
"304, 80% - 1 CW",80,94%,0.024,2.7%
