Sample,% change from 0% CW,Standard Error,Standard Error (%)
A286-80-1 CW,501%,0.025,2.0%
A286-80-3 CW,423%,0.006999999999999999,0.6%
A286-80-4 CW,403%,0.032,3.1%
A286-80-5 CW,397%,0.027999999999999997,2.7%
