Sample ID,% CW,Q-1,% change from 0% CW,Standard Error,Standard Error (%)
"304, 0% - 1 CW",0,0.46,0%,0.013000000000000001,2.9%
"304, 20% - 1 CW",20,0.69,50%,0.013999999999999999,2.0%
"304, 40% - 1 CW",40,0.72,57%,0.022000000000000002,3.0%
"304, 60% - 1 CW",60,0.91,98%,0.01,1.1%
"304, 80% - 1 CW",80,0.89,94%,0.024,2.7%
