Sample ID,% CW,Q-1,% change from 0% CW,Standard Error,Standard Error (%)
"316, 0% - 1 CW",0,0.46,0%,0.03,6.5%
"316, 20% - 1  CW",20,0.61,34%,0.026000000000000002,4.3%
"316, 40% - 1  CW",40,0.71,57%,0.006,0.8%
"316, 60% - 1  CW",60,0.89,96%,0.013999999999999999,1.6%
"316, 80% - 1  CW",80,0.88,92%,0.018000000000000002,2.1%
