Sample,Q-1,% change from 0% CW,Standard Error,Standard Error (%)
316 40%-1,0.72,58%,0.009000000000000001,1.2%
316 40%-1,0.71,57%,0.006,0.8%
316 40%-3,0.71,55%,0.011000000000000001,1.5%
316 40%-4,0.72,59%,0.008,1.1%
316 40%-5,0.75,63%,0.013999999999999999,1.9%
