Sample,Q-1,% change from 0% CW,Standard Error,Standard Error (%)
304-20-1 CW,0.69,50%,0.013999999999999999,2.0%
304-20-3 CW,0.65,42%,0.013999999999999999,2.1%
304-20-4 CW,0.7,53%,0.022000000000000002,3.1%
304-20-5 CW,0.65,42%,0.012,1.9%
