Sample ID,% CW,Q-1,% change from 0% CW,Standard Error,Standard Error (%)
"A286, 0% CW",0,0.2,0%,0.003,1.7%
"A286, 20% CW",20,2.1,1136%,0.011000000000000001,0.5%
"A286, 40% CW",40,1.6,817%,0.015,1.0%
"A286, 60% CW",60,1.7,880%,0.016,0.9%
"A286, 80%-1 CW",80,1.5,759%,0.022000000000000002,1.5%
