Sample ID,% CW,Q-1,% change from 0% CW,Standard Error,Standard Error (%)
"347, 0% CW",0,0.27,0%,0.012,4.6%
"347, 20% CW 1",20,0.79,195%,0.022000000000000002,2.7%
"347, 40% CW",40,0.75,182%,0.006,0.8%
"347, 60% CW 1",60,0.82,206%,0.03,3.7%
"347, 80% CW",80,0.82,206%,0.018000000000000002,2.2%
