Sample ID,% CW,% change from 0% CW,Standard Error,Standard Error (%)
"347, 0% CW",0,0%,0.012,4.6%
"347, 20% CW 1",20,195%,0.022000000000000002,2.7%
"347, 40% CW",40,182%,0.006,0.8%
"347, 60% CW 1",60,206%,0.03,3.7%
"347, 80% CW",80,206%,0.018000000000000002,2.2%
