,Sample,A,A std,B,B std,p,p std
0,As received,1.1100000000000002e-08,1.59e-07,0.000299,8.47e-05,0.0843,0.00957
1,Normalized,6.43e-08,9.86e-08,0.00024900000000000004,5.24e-05,0.0827,0.00592
2,Norm+Temp,6.88e-08,1.1e-07,0.00027400000000000005,5.85e-05,0.0785,0.0066
3,Tempered,7.71e-08,1.2699999999999999e-07,0.000279,6.74e-05,0.0855,0.00761
4,Over Temp,1.44e-08,1.04e-07,0.000324,5.520000000000001e-05,0.0765,0.00624
5,Ferritic,1.4e-07,1.1599999999999999e-07,0.000607,6.17e-05,0.0595,0.0069700000000000005
6,HAZ,2.26e-10,1.24e-07,0.000278,6.6e-05,0.0909,0.00745
7,HAZ+Temp,2.01e-13,1.12e-07,0.000315,5.9499999999999996e-05,0.0749,0.00672
