,Sample,Absorption_avg,Absorption_std
1,As received,0.002499,0.0006450000000000001
2,Ferritic,0.001802,0.0007865
3,HAZ,0.001627,0.00043739999999999995
4,HAZ + Tempered,0.001935,0.0003591
5,Normalized,0.002016,0.0006738
6,Normalized + Tempered,0.0023799999999999997,0.0007942
7,Over-tempered,0.0016899999999999999,0.0007019999999999999
8,Tempered,0.0023380000000000002,0.0004969999999999999
