,Sample,Absorption_avg,Absorption_std
1,As received,0.0009161,0.00028900000000000003
2,Ferritic,0.0007184,0.0001779
3,HAZ,0.0006181,7.02e-05
4,HAZ + Tempered,0.000802,0.0002274
5,Normalized,0.0007228,0.0002129
6,Normalized + Tempered,0.0009835,0.00047389999999999997
7,Over-tempered,0.0006765,0.00019679999999999999
8,Tempered,0.0010942999999999999,0.0002541
