Sample,AUC
As received,1.1368318081010222e+28
Normalized,6.58543110408413e+28
Norm+Temp,7.0463088640925745e+28
Tempered,7.8963722880942635e+28
Over Temp,1.474808832109469e+28
Ferritic,1.4338419200205087e+29
HAZ,2.3146305373926934e+26
HAZ+Temp,2.0585979708e+23
