Sample,Absorption_avg_200,Absorption_std_200
As received,0.00048819999999999994,8.135e-05
Fully ferritic,0.0006567999999999999,8.823e-05
HAZ,0.0004252,6.627e-05
HAZ + Tempered,0.0004936,0.00017576
Normalized,0.0006567,6.239e-05
Normalized + Tempered,0.0008345000000000001,0.00016489
Over-tempered,0.00047640000000000003,0.00011409
Tempered,0.0003838,4.128999999999999e-05
