,Sample,Absorption_avg,Absorption_std
1,As received,0.0012569999999999999,0.0002097
2,Fully ferritic,0.003377,0.000817
3,HAZ,0.001693,0.00045970000000000006
4,HAZ + Tempered,0.00139,0.00041820000000000003
5,Normalized,0.003128,0.0011471
6,Normalized + Tempered,0.001838,0.0006222
7,Over-tempered,0.001526,0.00043339999999999996
8,Tempered,0.001611,0.0008728999999999999
