,Sample,Absorption_avg,Absorption_std
0,B1,0.0003725,9.436999999999999e-05
1,B2,0.0008744,0.00023438
2,B3,0.00034940000000000004,7.753e-05
3,B4,0.0007006,0.0001357
4,B5,0.0003974,8.808e-05
5,B6,0.0004008,0.00010974
6,B8,0.00041600000000000003,9.148e-05
