,Absorption_avg_500,Absorption_std_500
0,0.00023349999999999998,1.804e-05
1,0.0005706,0.00013852
2,0.0003787,9.973e-05
3,0.0002299,3.349e-05
4,0.00023999999999999998,2.59e-05
5,0.0004056,8.392999999999999e-05
6,0.0003193,7.637e-05
