,Sample,Absorption_avg,Absorption_std
0,B1,0.00023349999999999998,1.804e-05
1,B2,0.0005706,0.00013852
2,B4,0.0003787,9.973e-05
3,B5,0.0002299,3.349e-05
4,B6,0.00023999999999999998,2.59e-05
5,B7,0.0004056,8.392999999999999e-05
6,B8,0.0003193,7.637e-05
