,Sample,Absorption_avg,Absorption_std
0,B1,0.001264,0.0005194
1,B3,0.001168,0.0005554
2,B4,0.002084,0.000648
3,B5,0.001141,0.0004475
4,B6,0.0013230000000000002,0.0005744
5,B7,0.0019080000000000002,0.0009261000000000001
6,B8,0.0009329999999999999,0.0003036
