,Absorption_avg_50,Absorption_std_50
0,0.001264,0.0005194
1,0.001168,0.0005554
2,0.002084,0.000648
3,0.001141,0.0004475
4,0.0013230000000000002,0.0005744
5,0.0019080000000000002,0.0009261000000000001
6,0.0009329999999999999,0.0003036
