Sample,AUC
As received,4.5371142564533324e+23
Normalized,1.4748088320500044e+29
Norm+Temp,2.1200376960047642e+30
Tempered,4.199133853786667e+23
Over Temp,4.086474170053333e+23
Ferritic,2.7345413760645327e+29
HAZ,4.137684195306667e+23
HAZ+Temp,4.332278040906667e+23
B1,4.516631611333333e+23
B2,1.5567426560067912e+30
B3,4.373244851546667e+23
B4,7.763229824040883e+29
B5,4.065996086133334e+23
B6,1.3826351078586666e+24
B7,4.9365953354666676e+23
B8,4.5268470600640003e+24
