Condition,TEP_mean_uV_C,TEP_stdev_uV_C
P_AR,13.138591625301911,0.042524497816059235
P_N,10.821493591026787,0.00871312756437703
P_N_T,13.117952538749568,0.02320336544461148
P_T,13.150209904339551,0.009062190209774742
P_OT,13.169976669746475,0.01280888124361762
P_FF,13.021550533234231,0.033781237886906464
P_HAZ,11.682789125316765,0.07615202346465033
P_HAZ_T,13.142320582722716,0.019964464759501543
