Sample,median_CF_g,mean_CF_g,std_CF_g,median_CF,mean_CF,std_CF,median_perm_g,mean_perm_g,std_perm_g,median_perm,mean_perm,std_perm,median_pMBN_g,mean_pMBN_g,std_pMBN_g,median_MBN,mean_MBN,std_MBN
P_FF,0.542,0.5475000000000001,0.013395095051121195,0.616,0.6327499999999999,0.05223231074454093,150.0,147.2875,6.176091575005766,133.6,133.4,4.6083774646987,0.616,0.6100000000000001,0.06548064054141715,0.49,0.49525,0.04443856111853438
P_HAZ_T,0.784,0.776125,0.027720222118260772,0.907,0.9013749999999999,0.029813407817864186,133.6,134.5875,3.299972943612026,119.1,118.275,2.9826881451852394,0.69,0.744125,0.13885906267044396,0.382,0.38775000000000004,0.0308209112686269
P_OT,0.889,0.903,0.03075711299845939,0.9570000000000001,0.959125,0.012552034553353136,123.4,124.05,3.2271172452028623,116.5,115.95,1.8252201432782214,0.733,0.7197499999999999,0.06535562059117134,0.43,0.408625,0.04825212800636731
P_T,0.904,0.9008750000000001,0.03691084819244492,0.9640000000000001,0.9688749999999999,0.019584523773341325,120.8,121.9125,1.9635518109501746,112.8,112.97500000000001,1.0039208847599221,0.904,0.9021250000000001,0.09568017782472728,0.309,0.31275,0.019061929148361197
P_N_T,0.912,0.9076249999999999,0.04226426217435784,0.976,0.9769999999999999,0.018761663039293712,120.2,121.10000000000001,3.5246073742839954,112.4,112.4375,1.1807231440338342,1.0590000000000002,1.04375,0.04412239470252849,0.301,0.299,0.008518886580500325
P_AR,1.06,1.0665,0.035030598869315054,1.082,1.08575,0.03408288217188886,117.8,118.025,2.824257171616737,107.0,107.35000000000001,2.4083189157584566,0.721,0.7256250000000001,0.16599822503353978,0.311,0.318125,0.07025959517593103
P_HAZ,1.2670000000000001,1.288875,0.05306717441130631,1.568,1.5377499999999997,0.09667877592463471,100.7,102.4375,5.263876219777859,86.9,88.025,3.1976553910638974,0.369,0.36124999999999996,0.07112514122506694,0.401,0.40862499999999996,0.020694633534877053
P_N,1.6569999999999998,1.6437499999999998,0.08947425806980938,1.959,1.976,0.0761952379464378,82.1,81.27499999999999,2.365677190875494,76.9,76.7,1.0350983390135315,0.109,0.10874999999999999,0.00943776607950359,0.415,0.412,0.008552359741197583
