Sample,median_pipe_CF_g,median_pipe_perm_g,median_pipe_MBN_g
P_FF,0.542,150.0,0.616
P_HAZ_T,0.784,133.6,0.69
P_OT,0.889,123.4,0.733
P_T,0.904,120.8,0.904
P_N_T,0.912,120.2,1.0590000000000002
P_AR,1.06,117.8,0.721
P_HAZ,1.2670000000000001,100.7,0.369
P_N,1.6569999999999998,82.1,0.109
