Condition,TEP_mean_uV_C,TEP_error_uV_C
P_AR,13.138591625301911,0.1312757847359219
P_N,10.821493591026787,0.10150701634770096
P_N_T,13.117952538749568,0.11024329762767786
P_T,13.150209904339551,0.10162919445510013
P_OT,13.169976669746475,0.10322920979476884
P_FF,13.021550533234231,0.12068424972914675
P_HAZ,11.682789125316765,0.18219912928179047
P_HAZ_T,13.142320582722716,0.10767692144806852
