Unnamed: 0,median_pipe_CF_g,median_pipe_CF_ug,median_pipe_perm_g,median_pipe_perm_ug,median_pipe_MBN_g,median_pipe_MBN_ug
P91_FF,0.542,0.616,150.0,133.6,0.616,0.49
P91_HAZ_T,0.784,0.907,133.6,119.1,0.69,0.382
P91_OT,0.889,0.9570000000000001,123.4,116.5,0.733,0.43
P91_T,0.904,0.9640000000000001,120.8,112.8,0.904,0.309
P91_N_T,0.912,0.976,120.2,112.4,1.0590000000000002,0.301
P91_AR,1.06,1.082,117.8,107.0,0.721,0.311
P91_HAZ,1.2670000000000001,1.568,100.7,86.9,0.369,0.401
P91_N,1.6569999999999998,1.959,82.1,76.9,0.109,0.415
