ID,True_FT,Ridge,Elastic,Tree,KNN,SVM,RF,XGB
A286-0,187.025,187.87847388371625,187.77529739378735,196.54796134074957,181.01349378807708,182.4550808933655,191.9952299464964,193.57574
A286-20,71.94999999999999,72.22864551825509,71.73189893684766,75.67274800228805,77.07408928171016,71.45516034568621,75.1866710501678,73.73673
A286-60,47.166666666666664,54.46318696164019,55.03379893587935,54.11150493586316,52.809242446439846,46.575288857418855,53.48263253795772,50.697536
A286-80,51.4,53.95541254823168,54.34904682165583,59.0310538208853,59.31116162657931,57.849788154832844,57.50732134263455,57.178047
