ID,True_FT,Ridge,Elastic,Tree,KNN,SVM,RF,XGB
347-0,198.5,199.46410667769487,199.0109429559882,202.24112843901577,202.74236999592685,201.13434158699383,203.7139974640346,202.05396
347-20,124.05999999999999,104.88366090218005,105.32480177679818,122.08628973384899,115.06325866809425,111.7222555019729,122.50384359594013,122.397964
347-40,89.88000000000001,98.48139485219329,98.287903167736,89.22257928586768,88.98425994911126,96.6620893873776,93.81698876188204,96.01099
347-60,77.8,80.1490994539688,79.85980600431836,74.68191313739246,77.54759863560405,77.68847491683553,73.5638678962157,74.55545
347-80,74.0,73.28718220080472,73.64007969096656,74.68191313739246,73.54241668988607,74.44024362979718,72.41070647150404,71.49607
