ID,True_FT,Ridge,Elastic,Tree,KNN,SVM,RF,XGB
304-0,162.0,153.05841703860074,153.0178857997204,163.8322268485788,158.3494836338695,152.2597213580905,155.82943695178557,168.68353
304-20,105.78,111.26523622252033,111.36163504912614,107.73424764744723,113.8354912836549,106.171259250067,109.1133216438829,111.94838
304-40,100.7,100.24655853118593,100.53403491282049,107.73424764744723,104.17889342069888,103.02983569318143,102.71509840115948,102.81459
304-60,91.32000000000001,98.00304140022082,97.82141227883045,94.48562945335908,93.67476694744406,96.43572331975588,94.11835928779769,94.575806
304-80,73.775,74.08289920217511,73.85750821579974,72.86191372536793,73.6591897029809,69.82934560751904,73.56016036944436,72.85888
