ID,True_FT,Ridge,Elastic,Tree,KNN,SVM,RF,XGB
316-0,111.24000000000001,110.18987693700046,109.960494872483,113.97028013324591,113.90057712481293,103.16816612245577,113.33099356770174,118.23375
316-20,69.96,81.45273543889738,81.50314327306765,59.17700710571539,72.3063401573554,88.66728281108485,79.77653558805376,77.19148
316-40,68.22,78.6609333196414,78.60431797403204,65.65100486080902,69.88293353530979,74.06897536853468,72.55976512113973,70.8211
316-60,69.0,68.33024086104805,68.33644908981042,60.91492415340057,66.62513362563676,71.21678973577714,65.04240361771014,68.85532
316-80,59.4,56.4379553256577,56.37291835483698,65.65100486080902,59.494481352068625,54.30362944427502,60.15087998471512,62.187294
