Sample,A1,A2,A3,B1,B2,B3,C1,C2,C3,D1,D2,D3
P91_FF,0.503,0.547,0.5529999999999999,0.542,0.54,0.5489999999999999,,,,0.5770000000000001,0.535,0.537
P91_HAZ_T,0.794,0.762,0.743,0.813,0.784,0.752,,,,0.804,0.8009999999999999,0.75
P91_OT,0.839,0.86,0.885,,,,0.948,0.9179999999999999,0.938,0.91,0.889,0.8759999999999999
P91_T,0.879,0.9259999999999999,0.938,,,,0.848,0.904,0.935,0.846,0.889,0.9209999999999999
P91_N_T,0.879,0.885,0.884,0.912,0.934,0.956,,,,0.8240000000000001,0.94,0.9259999999999999
P91_AR,1.035,1.111,1.097,1.024,1.031,1.099,,,,1.06,1.08,1.03
P91_HAZ,1.281,1.3880000000000001,1.258,1.255,1.351,1.26,,,,1.238,1.2670000000000001,1.294
P91_N,1.717,1.6569999999999998,1.669,1.791,1.6340000000000001,1.636,,,,1.7069999999999999,1.492,1.564
